Product,CAGR,Period,CMGR
7 grain milk / 946ml,,34,11.975937427960858
Acai berry juice,,20,12.165539901609513
Acne facial soap,,15,4.729412282062673
Acqua pana water 1000ml,,18,0.0
Acqua pana water 500ml,,18,0.0
Acqua pana water 500ml glass,,18,0.0
Actibif cheese (for better digestion),,2,100.0
Agar Agar flakes (hand harvested) - wild,,5,31.95079107728942
Agave syrup ( organic ) / 473ml,,33,6.884920777554604
All Purpose Baking Flour (gluten free),,3,71.15468946862367
All purpose baking flour ( Gluten free ),,10,17.461894308801895
All purpose baking flour ( gluten free ) / 623g,,34,14.503655951156901
All purpose baking flour (gluten free),,5,69.25806906325509
Almond biscuits (Gluten Free - traces of gluten),,6,6.991319393366302
Almond bread (gluten free),,1,0.0
Almond butter,,3,203.99222225999222
Almond butter (home-made),,16,30.75481144203993
Almond butter (natural),,2,87.08286933869707
Almond meal flour,,5,69.8778169697358
Almond milk ( Original ),,14,11.690950867934035
Almond milk ( organic ),,18,3.0339120488339644
Almond milk ( organic ) / 946ml,,34,14.451150111546006
Almond milk ( organic ) 946ml,,5,0.0
Almond milk (unsweetened),,10,0.0
Almond milk with dark chocolate,,18,0.0
Almond milk with vanilla,,18,8.00597388923061
Almond original (original),,11,20.80894444044472
Almond's and Oats Body Scrub,,12,0.0
Almonds Shell On - Roasted & Salted / 250g,,38,7.208413713972028
Alphabet Pasta ( gluten free ) - Italian,,21,3.355778300702772
Amaranth,,5,28.289455478124136
American Green Apple / 500g,,38,6.246783089404118
American Red Apple / 500g,,38,7.902991936431958
American green apples,,33,7.175413395351371
American red apples,,33,11.41094277326562
American yellow apples,,33,7.885373787291727
Animal shaped biscuits ( Gluten free ),,12,20.476118664169583
Annas Almond Thins,,19,5.952606473827515
Annas Cappuccino Thins,,20,3.5264923841377582
Anti-Cellulite body scrub (with coffee&vanilla),,9,0.0
Anti-Frizz Hair Serum,,12,5.946309435929531
Antiseptic cream with tea tree oil / 118ml,,33,3.38516372166493
Apple and mango juice ( organic ),,18,0.0
Apple cider vinegar ( organic ),,6,129.7051263914333
Apple cider vinegar ( organic ) / 473g,,34,17.288132810509605
Apple cinnamon brown rice cakes / 269g,,33,5.910353874575502
Apple cinnamon no fat granola / 340g,,21,1.379340956220254
Apples (sukary),,33,10.294535325802844
Appricot,,15,24.58782035537417
Apricot jam (natural),,1,0.0
Argan oil hair conditioner,,16,5.893974898014798
Artichoke,,31,3.875318037350506
Arugula ( Chemical free ),,13,4.321913715359704
Arugula ( aquaponic ),,18,4.477670868667016
Arugula(chemical free),,12,23.782569780805286
Ashwagandha root,,33,6.074020838233807
Asparagus (chemical free),,11,4.440661018517389
Aubergene (Roumy) - Chemical free,,15,22.976463888458998
Aubergene (Roumy) - organic,,6,115.15524881005695
Aubergene (roumy),,17,10.665196732212978
Aubergine (roumy),,34,12.950281140529164
Aubergine arous black,,17,1.9989654407636115
Aubergine arous white,,17,4.5192361422907945
Australian beef fillet,,33,0.0
Australian beef rib eye,,29,0.0
Australian beef steak,,29,1.4079754523293353
Avocado,,38,10.238448954571378
Avocadoes ( imported ),,17,23.78509016541408
Avocados (imported),,5,21.793610050779577
Baby Carrot,,3,35.72088082974534
Baby Spinach(chemical free),,12,21.699863556117837
Baby black Aubergine (Round),,17,23.26152371478807
Baby black Aubergine (chemical free) - round,,4,18.920711500272102
Baby black aubergene,,14,6.763864722461066
Baby black aubergene (chemical free),,4,5.737126344056409
Baby carrots (chemical free),,13,4.625210925999235
Baby cherry carrots,,18,0.0
Baby corn,,16,7.343908391470233
Baby french beans,,33,4.152543323159974
Baby french spinach,,34,10.092016691503481
Baby kale,,33,4.6915819592573405
Baby leaf lettuce ( aquaponic ),,18,8.00597388923061
Baby onions,,17,12.915715539239581
Baby potatoes,,5,0.0
Baby potatoes ( Chemical free ),,13,3.591422979912995
Baby potatoes / Default,,17,12.84339740612641
Baby radish,,33,3.38516372166493
Baby red onions ( Chemical free ),,13,9.418028086145736
Baby spinach,,18,22.399700298282088
Baby spinach ( aquaponic ),,18,8.00597388923061
Baby spinach (chemical free),,6,149.15700387701136
Baby striped aubegene,,15,0.0
Baby sweet corn,,32,3.492776707986467
Baby yellow carrots,,34,5.835158338910662
Baby yellow zucchini,,17,1.9989654407636115
Baby yellow zucchini (chemical free),,5,17.08049129648923
Baguette,,25,0.0
Bagutte Brown,,25,0.0
Baking soda (pure),,12,1.2928752866029347
Baking soda / 453g,,34,12.266704528031758
Baking soda 453g,,5,30.505725945274342
Balady Whole Chicken(chemical free),,12,29.853034162786194
Balady Whole Chicken(chemical free) - frozen / Default,,6,50.81967933722429
Balady Whole Chicken(chemical free) / Default,,5,32.27353415162304
Balady bread (whole grain),,16,16.93351065975297
Balady eggs ( chemical free ),,20,30.253326584545338
Balady eggs (chemical free),,12,33.75244960974222
Balady eggs (organic),,6,132.45487335032044
Balady lettuce (chemical free),,5,10.756634324829006
Balady raw Honey,,17,12.457463784185663
Bamboo sushi matt,,18,0.0
Banana,,34,14.03411404252708
Banana / 500g,,38,4.962768614785995
Banana bread (Gluten free) - traces of gluten,,5,23.927602766410683
Banana bread with walnuts and cinnamon (gluten free),,1,0.0
Banana chips,,5,14.581214173830027
Bananas ( imported ),,17,17.173516684297475
Bananas (chemical free),,11,14.44398180757882
Bananas (imported),,5,33.74659431983098
Basil,,18,0.0
Basil / Default,,14,0.0
Basil leaves,,2,0.0
Basmati brown rice ( organic ) / 907g,,34,15.672836257748557
Basmati brown rice ( organic ) 907g,,3,29.69986344960558
Basmati rice ( White ),,5,9.238846414037294
Bataw crackers with spices,,16,9.05077326652577
Bedouin lamb beit kalawi ( Chemical free ),,13,21.811404356076824
Bedouin lamb beit kalawi (Chemical free) - frozen,,5,100.38393973691116
Bedouin lamb leg ( Chemical free ),,13,16.14687826131056
Bedouin lamb leg ( Chemical free ) - frozen,,5,20.048314988162797
Bee pollen dust ( Egyptian ) / 300g,,33,6.0657951868039905
Bee pollen dust ( Egyptian ) 140g,,5,0.0
Bee pollen granules,,32,9.764501076992115
Beef (Tribianco) / 1kg,,36,0.0
Beef Entrecote / 1kg,,38,3.66445220728866
Beef Escalope / 1kg,,38,12.001430931400936
Beef Fillet / 1kg,,38,9.266668573797388
Beef Fillet Strips (chemical free) - frozen,,1,0.0
Beef Liver / 1kg,,37,7.181504154174556
Beef Mince,,25,0.0
Beef Mince / 1kg,,38,8.763876548730277
Beef Shanks (Mowaz) / 1kg,,38,8.056627917777792
Beef Steak / 1kg,,33,12.37498119315379
Beef bbq cuttlets (Kabab),,34,4.523064135371091
Beef cubes (chemical free) - frozen,,16,18.560730521831893
Beef cutlets / 1kg,,38,11.461967753179291
Beef escalope (chemical free) - frozen,,17,30.740738847387107
Beef fillet (chemical free) - frozen,,17,29.04431933701186
Beef fillet (whole),,5,2.1199536084452575
Beef fillet cubes (chemical free) - frozen,,4,149.54319393823988
Beef kidney,,28,2.5064211965874605
Beef liver ( Chemical free ) - frozen,,13,31.520187147116463
Beef masala,,5,0.0
Beef mince (chemical free) - frozen,,17,29.114899464786138
Beef mince - no fat (chemical free) - frozen,,5,23.534814508149427
Beef mince 0 fat (chemical free),,9,0.0
Beef shanks ( Chemical free ) - frozen,,13,24.068361334469458
Beef strips (chemical free) - frozen,,17,22.949024199173774
Beef top side roast / 1kg,,33,7.536860708209248
Beet root,,29,10.032600894540833
Beet root powder,,33,8.165572341328886
Beetroot,,17,20.091919188780416
Beetroot (chemical free),,5,14.950051943484798
Beetroot(chemical free),,12,13.903576649067118
Begawi eggs ( Chemical free ),,14,31.431936297208928
Bench press oats with apple and cinnamon ( with whey protein ),,17,24.91525720492891
Bentonite clay,,33,6.504108943996267
Bentonite clay soap,,5,11.842691472014465
Berry mix ( frozen ),,19,18.044695635767226
Bio Fennel Seed Tea,,37,6.946619325765857
Biocracker olive salted,,20,0.0
Biocracker olive unsalte,,20,0.0
Biocracker sesame&rosemary,,20,0.0
Biscotti Ciccolato,,22,1.8601117117941657
Bitter melon powder,,33,0.0
Black Pepper,,13,0.0
Black Pepper (ground),,2,73.20508075688772
Black Pepper grinder,,18,8.043365726609174
Black Seeds (Egyptian),,12,16.23843860176388
Black aubergine - arous (chemical free),,5,8.447177119769854
Black olives (natural),,4,18.920711500272102
Black peppercorn,,5,0.0
Black radish root powder,,30,1.3607250893419964
Black sesame gomasio / 100g,,33,4.210396594329091
Blackberries,,23,8.29666815305863
Blackberries ( frozen ),,20,23.9570559927484
Blue agave syrup,,28,9.764214061021747
Blue agave syrup (Raw) - organic,,5,26.860365757837922
Blueberries,,23,7.517306441696037
Blueberries ( frozen ),,16,24.29263478957666
Blueberry juice,,20,15.599867167878113
Bob's Red Mill Bag Clip Red,,36,1.9440643702144822
Bob's baking book,,30,0.0
Bob's cooking book,,30,2.3373891996774976
Body butter with vanilla,,5,24.57309396155174
Body butter with white musk and brown sugar,,5,0.0
Body lotion with green tea & lemon grass,,5,17.607902252467355
Body massage Oil (lavander),,5,14.869835499703509
Body massage oil with red rose effect,,5,0.0
Body oil with coconut (healing),,5,0.0
Body scrub with coffee & vanilla (anti-cellulite),,5,20.11244339814313
Bolti fillet (chemical free) - frozen,,5,0.0
Bolti fillet(chemical free),,13,10.181497190627242
Brain booster seed mix (milled),,16,22.284454499385188
Breadcrumbs (gluten free),,5,17.607902252467355
Breadsticks ( gluten free ),,20,15.201970734512615
Breath Lavender(Body/Massage Oil),,10,0.0
Broccoli,,33,10.846640309321565
Broccoli (chemical free),,6,79.14006898780784
Broccoli / 1 kg,,38,0.0
Broccoli Romanesco,,9,0.0
Broccoli Romanesco (chemical free),,1,
Broccoli powder,,31,5.328868672729037
Broccoli(chemical free),,12,19.54846925480318
Brown rice ( Egyptian ),,5,18.248956314679997
Brown rice ( Egyptian ) / 750g,,33,10.594558677313115
Brown rice (short grain) - Egyptian,,6,48.7768046238646
Brown rice Penne ( American ) - gluten free - organic / 340g,,33,9.50917063951946
Brown rice Penne ( American ) - gluten free - organic 340g,,5,33.71954958756718
Brown rice cakes (organic) - gluten free,,5,18.466445254224407
Brown rice cakes / 247g,,33,11.341582708502518
Brown rice cakes with flax and tamari (organc) - gluten free,,5,27.99260967692556
Brown rice couscos - organic (gluten free),,2,73.20508075688772
Brown rice cracker / 75g,,33,6.914052074205856
Brown rice flour ( Gluten free ),,13,23.69797638393294
Brown rice rotini ( American ) - gluten free - organic / 284g,,33,8.815025223433004
Brown rice rotini ( American ) - gluten free - organic 284g,,3,90.85387027475986
Brown rice spaghetti ( American ) - gluten free - organic / 284g,,34,15.71025776326076
Brown rice spaghetti ( American ) - gluten free - organic 284g,,5,38.463023870454904
Brown sugar,,5,26.58337541579836
Brown sugar ( cubes ),,19,3.7155044446191887
Brown sugar / 750g,,34,15.337555188706942
Brown sugar / 793g,,33,0.0
Brown sugar 750g 750g / 500g,,6,0.0
Brownie mix ( gluten free ) / 595g,,33,3.38516372166493
Brownie mix ( gluten free ) 595g,,2,100.0
Brussels sprouts,,33,9.918348530685783
Brussels sprouts (chemical free),,5,0.0
Buckwheat ( hulled ) - organic / 454g,,32,10.939928527740106
Buckwheat ( hulled ) - organic 454g,,5,39.265057341456135
Buckwheat Noodles,,20,11.612317403390438
Bulgur (golden),,5,24.57309396155174
Burdock Root (organic),,2,73.20508075688772
Burdock root powder,,31,3.6074555572293887
Burger Bun,,25,0.0
Butterhead lettuce,,32,0.0
Butterhead lettuce ( aquaponic ),,17,0.0
Cabbage,,16,11.242993774239963
Cabbage Pak Choi / 500g,,37,2.1538330578743325
Cairo,,15,22.389510549644175
Cairo above 150 L.E orders,,15,27.52496659347152
Cairo delivery fee,,38,3.8887496803618804
Camel milk (frozen),,16,21.56775430133713
Canadian Angus beef bacon,,19,3.7155044446191887
Canadian Angus beef fillet,,18,0.0
Capsicum (roumy),,34,8.967820263176574
Caramel cookies (animal shaped) - gluten free,,5,20.11244339814313
Caraway ( chemical free ),,13,8.818224346331682
Cardamoms,,12,17.60474285795146
Carrot ( Chemical free ),,13,2.6220339705550266
Carrot (chemical free),,1,0.0
Carrot cake (Gluten free) - traces of gluten,,5,29.58360311037871
Carrots,,17,5.883396496317972
Cauliflower,,36,12.687878833375166
Cayenne Pepper,,20,19.003103868746173
Cayenne pepper - colored ( Chemical free ),,12,0.0
Cayenne pepper - red ( Chemical free ),,12,0.0
Cayenne pepper green(chemical free),,12,0.0
Celery ( aquaponic ),,17,0.0
Celery (chemical free),,5,14.86218159268593
Celery Salt,,20,14.603811311030368
Celery salt,,1,0.0
Celery(chemical free),,11,0.0
Cereal Bisco,,22,0.0
Chemical free lamb leg,,36,1.871919694430435
Cherries,,15,18.254273318345817
Cherry & heirloom tomatoes ( aquaponic ),,17,0.0
Cherry carrots (chemical free),,6,50.702099274231195
Cherry colored tomatoes (chemical free),,4,58.1402968247889
Cherry jam,,16,0.0
Cherry jam (natural),,6,16.49930507507129
Cherry tomato (chemical free),,6,85.31440115813977
Cherry tomato jam,,2,0.0
Cherry tomatoes,,29,6.905728025408697
Cherry tomatoes ( Chemical free ),,19,18.377447644564924
Cherry tomatoes ( chemical free ),,18,26.494022636611003
Cherry tomatoes (chemical free),,10,0.0
Chestnut (abou farwa) / 500g,,38,1.8408093274101978
Chestnuts,,29,0.0
Chia seeds (organic),,10,45.52664070403238
Chicken Breast,,25,0.0
Chicken Breasts (chemical free),,12,12.587935679388163
Chicken Breasts (chemical free) - frozen,,4,0.0
Chicken Breasts / 1kg,,38,12.749572616693271
Chicken Cutlets (Shishtawook) / 1kg,,37,15.007260525831523
Chicken Cutlets (Shishtawook-chemical free),,12,21.152765862858836
Chicken Cutlets - Shishtawook (chemical free) - frozen,,5,0.0
Chicken Liver,,12,7.934843806377612
Chicken Liver (chemical free),,12,5.946309435929531
Chicken breast - frozen,,6,179.34754548900028
Chicken breasts 1kg / 1kg,,6,0.0
Chicken burger (frozen),,1,0.0
Chicken cutlets (Shishtawook) - frozen,,5,21.75670269112746
Chicken drumsticks (frozen),,4,26.64553296226224
Chicken liver (frozen),,5,32.963289679397676
Chicken masala,,5,0.0
Chicken nuggets (Frozen),,3,47.361259945615465
Chicken strips (Frozen),,3,70.99759466766969
Chicken thigh (frozen),,5,34.469239642326535
Chicken wings (frozen),,4,36.06817149866857
Chicory White Endive / 500g,,38,6.5641194305332995
Chilli flakes,,4,31.60740129524924
Chinese Cabbage / 500g,,38,6.246783089404118
Chinese Garlic,,28,9.871876690992565
Chinese Lettuce / per piece,,37,4.9617625443753255
Chinese garlic,,1,
Chinese radish (chemical free),,5,0.0
Chives,,33,7.206235560390661
Chives (chemical free),,5,32.31650197002234
Chives / 100g,,38,4.460370200961572
Chocolate Peanut Butter (extra Protein),,2,22.474487139158896
Chocolate biscuits (Gluten Free - traces of gluten),,5,0.0
Chocolate cake mix (gluten free),,1,0.0
Chocolate chip cookie mix ( gluten free ),,4,9.26831253737026
Chocolate chip cookie mix ( gluten free ) / 453g,,31,11.245979618704304
Chocolate paste with nuts ( gluten free ) - Bio,,21,11.065079861599948
Chocolate paste with nuts and carob ( gluten free ) - Bio,,19,11.595081884434123
Cilantro,,31,11.85676345954716
Cinnamon Raisin Almond Butter,,2,91.48542155126762
Cinnamon Raisin Peanut Butter,,1,0.0
Cinnamon raisin granola / 340g,,33,5.594852956036855
Cinnamon raisins bread mix (gluten free),,2,15.470053837925146
Cioccolini ( gluten free ),,17,9.474775208580443
Cioccolini ( gluten free ) / Default,,6,0.0
Citrus Flower Honey / 450g,,37,12.419312637976908
Clementina,,11,6.504108943996267
Clemontene,,34,11.47584433308535
Cloves,,20,11.6370679300291
Cloves powder,,26,0.0
Coconut fine macaroon (unsweetened),,2,32.287565553229534
Coconut flour,,13,12.26570719251432
Coconut flour (Organic),,5,45.939077901513144
Coconut milk,,20,8.579517014283343
Coconut milk Light,,20,10.218602968785028
Coconut oil,,16,12.93241814724655
Coconut oil ( Small glass jar ),,13,27.663257607678958
Coconut oil (organic) - for cooking,,14,24.94518958610179
Coconut oil (skin & hair),,10,0.0
Coconut oil large (organic) - for cooking,,5,0.0
Coconut oil soap,,5,14.869835499703509
Coconut palm Sugar / 454g,,33,9.652970276983153
Coconut scrub,,15,4.729412282062673
Coffee & Vanilla body scrub,,14,8.359121199700038
Coffee beans body scrub,,16,4.4273782427413755
Color beets (chemical free),,4,0.0
Colored French Lettuce / per piece,,38,4.734607706713656
Colored beet,,33,3.1602842658121855
Colored bell pepper,,33,9.971114456722653
Colored bell pepper ( Chemical free ),,19,26.682315095103725
Colored bell pepper (Chemical free),,5,25.825336604246708
Colored french lettuce,,34,12.986952379864203
Colored tomato (chemical free),,5,12.908649728332477
Colored tomatoes,,34,10.296941945529658
Conditioner with tea tree oil / 473ml,,33,6.290674968539878
Cookies with wheat germ,,17,21.689850740547367
Cooking oat ( gluten free ),,16,14.74512450568579
Coriander ( Chmeical free ),,13,5.476607648164666
Coriander ( chemical free ),,19,5.832423064179282
Coriander (chemical free),,5,14.266810914837013
Coriander(chemical free),,12,6.400139950796735
Corn flakes ( gluten free ) / Default,,17,7.8852383258946945
Corn on the cob,,18,0.0
Cour Di Riso Cacao gluten free,,22,4.252909035790653
Couscous,,20,3.5264923841377582
Couscous (golden),,5,14.869835499703509
Cow milk (chemical free) - frozen,,5,0.0
Crackers,,25,7.430117322085517
Cranberry juice,,20,13.48991961691437
Cranberry juice powder,,32,9.851793654985585
Cream Cookie - chocolate vanilla (gluten free),,2,52.752523165194674
Creamy Buckwheat (Organic),,1,0.0
Creamy soda,,17,0.0
Crispy red four seasons lettuce ( aquaponic ),,17,0.0
Crunchy coconut granola / 340g,,33,5.579679890834166
Cuban aubergine / Default,,33,6.559761975614453
Cucumber,,25,6.008981034201666
Cucumber ( chemical free ),,19,19.658562921499502
Cucumber (chemical free),,11,38.70589304244707
Cucumber (organic),,4,24.871370216169097
Cucumber - Chemical free / 500g,,36,0.0
Cucumber / 500g,,38,4.86958017857817
Cumin,,19,8.83984007303873
Curly frise lettuce,,19,25.47022480444752
Curly frise lettuce (chemical free),,5,11.429976553057063
Curry powder,,16,13.36618233993665
Dairy Free Cheese (frozen),,1,0.0
Dame al cacao biscuits ( gluten free ),,16,7.107548307291456
Dandelion Root Powder (organic) - local,,4,31.60740129524924
Dandelion root powder,,33,8.082618857795843
Dark chocolate ( organic ) - 92% cacao,,16,4.4273782427413755
Dark chocolate (organic ) - 71% cacao,,17,16.793667514165158
Dark chocolate with cappuccino ( organic ),,19,0.0
Dark chocolate with cranberry ( organic ) - 70% cacao,,17,16.211410311641707
Dark chocolate with green tea and mango ( organic ),,20,10.132076058583127
Dark chocolate with mint ( organic ),,20,5.6786532152879765
Date Hayani,,13,5.476607648164666
Date jam with almonds & cloves (natural),,3,14.471424255333186
Date zaghlool,,13,2.2376061343984732
Dates (Iraqi),,4,40.917498862125434
Dates (barhi),,2,144.9489742783178
Dates (za3'loul),,33,3.38516372166493
Digestive biscuits with chocolate ( gluten free ),,19,15.202964650616014
Dill,,18,2.2781461820273075
Dill ( Chemical free ),,13,12.225640844399654
Dill (chemical free),,5,3.0415846929681356
Disco Ciok ( gluten free ),,24,13.589644266575252
Dried Blueberries / 250g,,38,8.202583782587158
Dried Coconut (Whole sale) / 1kg,,28,2.5064211965874605
Dried Cranberry / 250g,,38,5.44547025652391
Dried Currants / 250g,,38,1.8408093274101978
Dried Dates (Kheir Misr) / 500g,,34,4.161601065058385
Dried Dates - Kheir Misr / 500g,,38,4.537839445442637
Dried Figs / 250g,,38,4.828087970997763
Dried Goji Berries,,13,23.806576078229426
Dried Goji Berries / 250g,,38,7.165643988077086
Dried Kiwi (chemical free),,16,19.17217752384537
Dried Mushroom (chemical free),,13,20.10357730703547
Dried Prune with Pits / 250g,,38,3.7155044446191887
Dried apple ( chemical free ),,5,25.594321575479007
Dried apple ( chemical free ) / Default,,19,10.299346764467154
Dried apricots ( chemical free ),,18,17.761611635673734
Dried apricots / 250g,,38,12.267124808449692
Dried apricots 250g,,5,4.5190056473137785
Dried banana (chemical free),,15,24.47328779943849
Dried bay leaf ( chemical free ),,14,25.17997372609566
Dried blueberries / 250g,,34,13.587438053989697
Dried blueberries 250g,,5,17.149824442988294
Dried cherry (chemical free),,15,26.26103234286472
Dried cranberries / 226g,,33,3.8692295933750787
Dried cranberry,,5,27.09848247232025
Dried cranberry / 200g,,34,18.53381873544786
Dried cranberry 200g,,6,88.3168335476881
Dried dates ( chemical free ),,17,26.16857469409004
Dried figs ( Chemical free ),,13,10.670353587935288
Dried figs ( chemical free ),,5,0.0
Dried figs ( chemical free ) / Default,,19,11.265009698341032
Dried fruit mix ( chemical free ),,5,17.744338700991193
Dried fruit mix ( chemical free ) / Default,,19,18.96506229882442
Dried grapefruit ( chemical free ),,2,22.474487139158896
Dried grapfruit ( chemical free ),,17,0.0
Dried lemongrass (chemical free ),,19,0.0
Dried lemongrass (chemical free),,4,31.60740129524924
Dried mango (chemical free),,6,44.03354933541035
Dried mango (chemical free) / Default,,19,12.193551294440685
Dried nectarine  ( chemical free ),,19,0.0
Dried nectarine (chemical free),,4,0.0
Dried peach ( chemical free ),,19,0.0
Dried peach (chemical free),,4,0.0
Dried pear ( Chemical free ),,13,16.14687826131056
Dried pears (chemical free ) / Default,,19,2.1569600815111167
Dried peppers (chemical free),,2,0.0
Dried prune with pits / 250g,,33,8.845363738044231
Dried prune with pits 250g,,5,20.683526730903257
Dried prunes (chemical free),,14,18.288382388464196
Dried soup mix (chemical free),,14,21.468234275932385
Dried strawberries ( chemical free ),,5,37.85160584338283
Dried strawberris ( chemical free ) / Default,,19,12.641515767922185
Dried tomato (chemical free),,15,26.63368164383224
Dried turkish figs / 250g,,34,11.069996969255747
Dried turkish figs 250g,,5,31.752268426001674
Drumsticks,,12,10.082139715244164
Drumsticks(chemical free),,12,15.551957111964864
Dry Hair Shampoo (0 chemical),,12,9.587269113524432
Duck,,34,11.023206454681379
Duck (Chemical free) - frozen,,4,14.499858882841487
Duck(chemical free),,11,14.872070173822639
Duck(chemical free) - frozen,,5,19.439711598544164
Dulse flakes (organic),,5,24.57309396155174
Dutch fennel ( chemical free ),,17,4.283005488256286
Earl Grey tea,,20,0.0
Early grey tea ( Ridgways ),,9,0.0
Eden Shake,,36,1.9440643702144822
Eden shake / 60g,,33,6.074020838233807
Egg replacer (vegan),,2,0.0
Eggplant - arous ( Chemical free ),,13,11.253147609648684
El Gouna delivery fee,,35,1.1652080087522387
El Katameya / Fifth settlement,,33,11.125735213576027
El Sahel El Shamali above 500 L.E,,15,13.85179164293644
El Sherouk & Madinati,,5,57.0547906927984
El Sherouk & Madinati above 200 L.E,,11,17.690395624285273
Endive,,17,22.98738922371719
Essiac tea,,31,6.1068500257261515
Exotic Fig jam,,36,3.098742495292073
Exotic peach jam,,36,3.098742495292073
Exotic strawberry jam,,36,3.098742495292073
Export organic green beans slices,,18,2.2781461820273075
Export organic green capsicum,,18,0.0
Export organic red capsicum,,18,0.0
Extra virgin olive oil 1L,,16,10.582301703023521
Extra virgin sesame oil ( organic ) / 473ml,,33,10.00539855230127
Extra virgin sesame oil ( organic ) 473ml,,4,31.60740129524924
Face and body silky cream with frangipani,,12,5.946309435929531
Face and body silky cream with vanilla,,11,6.504108943996267
Face and neck antiwrinkle cream,,12,5.946309435929531
Facial acne soap with ying yang oil,,5,28.473515712343932
Facial milkwith green tea & cucumber,,5,14.869835499703509
Facial mud scrub (dry/sensitive skin),,11,0.0
Facial serum for younger skin,,5,0.0
Facial soap with goat milk,,4,31.60740129524924
Fava beans (organic),,4,77.82794100389228
Fennel,,33,8.065191520900171
Fennel ( chemical free ),,19,7.736536891378387
Fennel (chemical free),,5,9.460878422315755
Fette Biscottate,,20,0.0
Fette croccanti ( gluten free ),,19,14.61252724694213
Figs,,37,2.507380448621621
Fine grind french sea salt-French (celtic) / 367g,,33,10.068312150638615
Finn crisp 5 wholegrains crackers,,16,9.856505999145648
Finn crisp coriander crackers,,15,8.379943421420922
Finn crisp garlic,,10,0.0
Finn crisp multigrain crackers,,15,22.9302840958741
Finn crisp original crackers,,16,8.221289364580887
Finn crisp original rye,,10,0.0
Fireball with grinder,,16,4.4273782427413755
Fish cakes (Frozen),,3,81.71205928321396
Fish masala,,5,0.0
Flax Seeds ( Egyptian ) / 250g,,33,9.69094136801858
Flax Seeds ( Egyptian ) 100g,,5,19.19375406234982
Flax Seeds ( Egyptian ) 250g,,6,0.0
Flax milk original ( organic ),,18,6.293507041105428
Flax milk unsweetened ( organic ),,18,8.370355020061538
Flax milk vanilla ( organic ),,18,8.57938336458055
Flax oil,,18,20.79034573443339
Flax seed bread (organic),,5,0.0
Flaxseed meal / 453g,,32,8.074793386764778
Flore tricolore ( frozen ),,19,3.7155044446191887
Flour & yeast mix ( gluten free ),,19,17.514883493268375
Forest honey ( spanish ),,17,13.175847681217556
Freekeh (cracked) - organic,,5,37.97296614612149
French green beans,,17,0.0
French parsely (chemical free),,5,26.860365757837922
French parsley,,18,10.342592827362541
French parsley (chemical free),,5,0.0
Fresh Ginger,,34,16.39268335450428
Fresh Ginger / 250g,,38,9.265776857627973
Fresh Rosemary / 250g,,38,3.1503283493214296
Fresh ginger ( imported ),,17,21.335179580254948
Fresh ginger (imported),,5,24.57309396155174
Frico chevrette (slices),,12,2.8436155726361267
Frico emmental ( slices),,12,3.994410769050427
Frico light (slices),,12,4.348784793451377
Frico maasdam (slices),,12,0.0
Fruit & Spice Oat Biscuits,,18,3.9259226031843397
Fusilli ( gluten free ),,21,19.423517897422204
Galia Melon / 1 kg,,38,0.0
Garam Masala,,4,0.0
Gardens orange juice(100% Natural Juice),,12,9.587269113524432
Garlic ( chemical free ),,19,20.848986629395625
Garlic (chemical free),,3,56.28008810246068
Garlic (peeled),,4,24.46659545769567
Garlic paste,,16,8.539013336977487
Garlic powder,,5,24.18072996035392
Garlic(chemical free),,12,0.3884191966385009
Genmai miso ( soybean&brownrice ) - organic / 345g,,33,4.997971594092743
Ginger (ground),,4,18.920711500272102
Ginger cake (Gluten free) - traces of gluten,,5,53.00183135198433
Ginger cookies (Gluten free) - traces of gluten,,5,6.64794773619668
Ginger jam (natural),,5,10.756634324829006
Ginger paste,,18,18.412605548372607
Ginger soda,,18,14.439361404070915
Gloyer biscottis / Default,,18,0.0
Gluten free Corn Flakes,,22,3.200827973420961
Gluten free chocolate cake mix / 453g,,32,8.406213400451712
Gluten free cinnamon raisin bread / 623g,,31,4.573414822248711
Gluten free pizza crust / 453g,,34,9.20498984952529
Gluten free rolled oats / 907g,,34,9.727738722951095
Gnocchi di patate,,20,3.5264923841377582
Goat cheese (natural),,2,182.84271247461902
"Goat, Sheep, and cow milk mixed Cheese",,5,28.473515712343932
"Goat, Sheep, and cow mixed Cheese",,13,6.966311063806763
Goats milk soap,,14,5.075663865321944
Goji berries,,18,33.8871139249612
Golden Flax Seeds (Organic),,1,0.0
Golden Flaxseed Meal / 453g,,38,6.103465429447086
Golden Flaxseeds,,38,6.3211063666046785
Golden Raisins / 250g,,37,2.6863385001082873
Golden flaxseed meal / 453g,,34,12.746154352826444
Golden flaxseeds / 680g,,34,8.49639136436371
Golden onions,,38,11.752362940571048
Golden raisins / 250g,,34,14.681257336593912
Golden raisins 250g,,5,13.27186943946339
Gooseberries,,16,10.582301703023521
Gotu kola powder,,30,3.7299197302950615
Granola Cinnamon Raisin / 340g,,38,7.191726027987477
Granola Honey Almond / 340g,,35,0.0
Granola Honey Oat / 340g,,38,4.326334198532411
Granola bars,,5,14.869835499703509
Granola bars (blueberry),,5,6.399531281508364
Granola bars (dark Chocolate),,6,38.30875542684884
Granola bars (fruit mix),,5,5.154749679728043
Granola bars (plain),,1,0.0
Granola bars (trail mix),,5,14.869835499703509
Granola bars with Blueberries,,1,0.0
Granola natural,,36,1.6461427882965562
Granola with fruits and seeds ( gluten free ),,17,17.410910297035652
Grape butter (organic),,1,0.0
Grape fruit,,33,11.248768093003214
Grapefruit / 1 kg,,38,7.29075856648691
Grapes (colored),,34,7.125131303742194
Green Asparagus / 500g,,38,4.037474931290275
Green Beans / 500g,,38,2.933282505624746
Green Curly lettuce,,15,16.59144011798317
Green Curly lettuce (chemical free),,5,34.664378400618446
Green Grapes,,31,14.118530491891113
Green Onion ( chemical free ),,19,11.43867046252951
Green Pepper (chemical free),,12,10.553686429902175
Green apples ( French ) -imported,,17,21.103327311843834
Green apples (French) - imported,,5,12.64495255035043
Green asparagus,,18,4.3295394481685845
Green asparagus (chemical free),,5,0.0
Green asparagus (jumbo),,18,4.182889236277276
Green asparagus / Default,,31,5.671691351510422
Green beans,,34,11.971321377088874
Green beans ( Chemical free ),,13,1.8132811892989764
Green beans ( chemical free ),,18,11.410044033020373
Green beans (chemical free),,10,5.240977914892531
Green beans (chemical free) - french,,5,23.495282851862797
Green beans (french),,16,5.493497702672712
Green cabbage,,34,8.793311189757791
Green chili pepper,,33,9.19431810398168
Green coffee,,12,14.352983608292025
Green coffee (natural weight loss),,6,41.8862450108449
Green ice berg lettuce,,29,7.8710519896663556
Green iceberg lettuce,,19,23.67073841922982
Green iceberg lettuce (chemical free),,5,44.87249897476173
Green kale ( aquaponic ),,17,0.0
Green olives (natural),,4,31.60740129524924
Green onions ( Chemical free ),,13,11.253147609648684
Green onions (chemical free),,5,0.0
Green split peas / 793g,,30,6.154491670905116
Green tea & cucumber facial milk,,10,0.0
Green tea & lemon grass body scrub,,14,5.075663865321944
Green tea (organic),,5,17.607902252467355
Green tea / 300g,,33,8.66922894789186
Green tea blueberry juice,,19,7.569058622018243
Green tea with rose hips & petals (organic),,5,16.11871423331621
Guava,,33,10.853790094858805
Guilt free noodles with garlic & herb (gluten free),,3,139.0860300029599
Guilt free noodles with spinach (gluten free),,3,149.3315476119323
Guiltless oatmeal cookie mix,,13,12.361172195241267
Hacho miso (soybean) - organic / 345g,,32,6.269665543487313
Hair Shampoo Jojoba (organic),,2,121.92341021172149
Hair conditioner,,16,12.66932600331847
Hair conditioner (organic),,2,41.42135623730952
Hair conditioner with argan oil,,4,25.743342968293547
Hair sahmpoo,,16,2.56653964664324
Hair serum (anti-frizz),,6,20.093695517600274
Hair serum (shine and split ends),,4,0.0
Half shell mussels,,18,0.0
Hamburger (chemical free) - frozen,,16,18.01962482244688
Hamburger / 1kg,,37,6.352538471473346
Hazelnut butter (natural),,2,100.0
Hearty Wholegrain Bread Mix (Gluten Free),,5,42.85761428260288
Herbal Filter,,36,5.554060733297872
Herbal Tea Pot,,29,5.729040147559106
Herbs with apple and cinnamon,,11,1.7765681484074314
Herbs with camomile and spearmint,,10,11.343682847589932
High Grade Bee Pollen Dust / 300g,,38,2.933282505624746
Homemade Bread Mix ( Gluten Free ) 453g,,2,29.09944487358056
Homemade bread mix ( gluten free ) / 453g,,34,12.96506147010923
Honey Spoon,,37,10.734638811442343
Honey almond granola / 340g,,33,6.884920777554604
Honey biscuits ( gluten free ),,17,13.417276456469128
Honey moon mix,,21,13.537927129293493
Honey nut brown rice cakes / 269g,,33,5.579679890834166
Honey oat granola / 340g,,33,7.035439617770156
Honey soap,,4,31.60740129524924
Horny Goat Weed Powder,,4,68.1792830507429
Horny goat powder,,22,0.0
Hot Dog,,25,0.0
Hull less barley / 737g,,32,8.345462984943497
Humus (Organic) - Egyptian,,1,0.0
Hurghada delivery fee,,38,7.740809629485068
Hurom slow juicer,,10,10.011651903828
Ice berg Lettuce - Chemical free / Per piece,,36,0.0
Ice berg lettuce (chemical free),,5,0.0
Iceberg Lettuce(chemical free),,12,18.188560189562676
Inside Cairo delivery fee,,35,9.836039726011947
Instant wakame flakes (for miso soup) / 30g,,33,4.290378144639551
Italian Basil / 250g,,38,6.757773192113659
Italian basil,,34,19.17940929692028
Italian basil (chemical free),,5,33.69214292008513
Jojoba oil,,16,12.93241814724655
Kaka,,33,5.579679890834166
Kaka Fruit,,12,6.991319393366302
Kale (chemical free),,11,28.554950771916165
Kale (chemical free) / Default,,6,60.352162151254916
Kale / Default,,18,21.84907273390262
Kava kava root powder,,30,5.511306353622758
Kelp powder,,33,6.074020838233807
Kerrygold red cheddar (slices),,12,5.946309435929531
Kerrygold white cheddar ( slices),,12,9.587269113524432
Kiwi,,38,15.383204713493459
Kofta / 1kg,,38,9.457710624353544
Kukicha loose twig tea - Japanese (organic),,5,14.869835499703509
Lactose free cheese,,2,123.60679774997898
Large European Lemon / 500g,,38,0.0
Lean meat ball (Frozen),,3,100.0
Leek ( chemical free ),,19,15.711023728271979
Leeks / 500g,,38,0.0
Lemon,,31,9.470469842764029
Lemon ( chemical free ),,5,11.510150326638136
Lemon Grass (chemical free),,5,0.0
Lemon Grass(chemical free),,12,18.920711500272102
Lemon grass,,33,8.68386909955996
Lemon grass (chemical free),,5,20.479766598839678
Lemon lime,,17,9.987153209895116
Lemon pepper seasoning,,1,0.0
Lemon sky tea,,19,0.0
Lemon(chemical free),,12,17.60474285795146
Lemongrass / 500g,,38,7.191726027987477
Lentil (Organic) - Egyptian,,1,0.0
Lentils / 765g,,33,4.663274650863891
Lime,,33,14.916448222781176
Lime ( chemical free ),,18,16.712926460845658
Lime(chemical free),,5,14.300711507343578
Lingoberries ( frozen ) ( cranberry ),,19,13.42493832882148
Liquid soap with tea tree oil,,3,81.71205928321396
Liquid soap with tea tree oil / 226g,,21,7.540019763631722
Lolla Rossa Lettuce (chemical free),,5,3.718449201704277
Lolla Rossa Lettuce(chemical free),,12,12.534407684811931
Lolla bionda,,17,0.0
Lolla bionda (chemical free),,5,44.65267498881473
Lolla rossa,,19,26.818810065932254
Lolla rossa (chemical free),,6,99.06600143873166
Lolla rossa / 500g,,38,4.2143204532331335
Lolla rosso (whole sale),,6,0.0
Lollo Bionda / 500g,,38,4.326334198532411
Low - carb baking mix,,2,22.474487139158896
Low Sodium Salt,,19,14.542652202427808
Low fat rice milk / 946ml,,34,15.436001445069136
Lurpak ( unsalted),,13,13.179279115278653
Lurpak slightly salted,,12,0.0
Lurpak slightly-salted (light),,11,3.754823579391897
MU 16 tea (strength and vitality) - George Oshoa,,3,0.0
Mac & cheese (Frozen),,3,70.99759466766969
Maca root powder,,30,12.150375884693476
Malt grain Mini french,,25,0.0
Manderine,,34,7.711496341702273
Mango (Hindi senara),,37,1.1018780911828951
Mango (alphons),,2,41.42135623730952
Mango (eweiss),,2,312.31056256176606
Mango (seddik),,2,73.20508075688772
Mango (zebdeya),,5,24.57309396155174
Mango alfonse ( Chemical free ),,14,19.42200949688373
Mango aweys(chemical free),,13,0.0
Mango jam (natural),,9,12.983096390975302
Mango sedeek ( Chemical free ),,14,8.16334003527659
Mango zebdeya ( Chemical free ),,14,16.993081275868693
Manuka honey,,6,39.90832071697636
Manuka honey (large),,2,22.474487139158896
Maple sugar (organic),,1,0.0
Maple syrup (organic),,6,78.99242156289294
Marble cake ( Gluten free ),,13,15.349002742814942
Marjoram,,32,6.97501183137017
Marjoram ( chemical free ),,13,8.818224346331682
Marjoram (chemical free),,3,0.0
Marjoram / 250g,,38,4.326334198532411
Marshmallow root powder,,30,5.511306353622758
Meat Tenderiser,,17,12.979545520856872
Meat samosa (frozen),,2,0.0
Medjoul dates,,21,24.12125584754563
Melon,,34,16.15134963267073
Mesclun,,19,24.04457145153669
Mesclun (chemical free),,5,22.574247445771345
Mesculun / 100g,,38,6.1520377062270315
Mestemacher organic flax seed bread,,14,18.68209167472148
Mestemacher organic sunflower seed bread,,14,12.949171395994451
Mestemacher organic whole rye bread,,14,5.482244825681848
Mestemacher organic wholemeal rye bread,,16,9.856505999145648
Mestemacher pumpernickel,,14,8.980421130592076
Milk and honey soap,,16,4.4273782427413755
Milk chocolate ( organic ),,18,3.978186435158748
Milk thistle seed powder,,33,8.729584801816204
Millet ( organic ) / 454g,,34,11.114653930353713
Millet ( organic ) 454g,,1,0.0
Milly Gris and Ciocc,,12,11.569437882757994
Mini Cucumber with Flower,,11,0.0
Mini French Brown,,25,0.0
Mini pasta ( Gluten free ),,11,14.652348684570594
Miso - Hacho,,38,4.326334198532411
Miso - Shiro,,36,0.0
Mixed Herbs,,16,9.05077326652577
Mixed Nuts (salted),,5,3.300578114405317
Mixed Spices,,20,10.390968189212458
Mixed berries Oat Biscuits,,20,3.5264923841377582
Mixed nuts,,21,14.980775879321806
Mixed nuts (trail mix),,6,0.0
Mixed nuts with dried fruits,,5,22.0662454596974
Mixed quinoa (white and red) - Peruvian,,2,144.9489742783178
Molokheya (chemical free),,17,17.40781500350628
Molokheya (organic),,4,43.72821101241422
Molokheya / 1kg,,37,5.781041208068993
Molokhyia (chemical free),,5,0.0
Molokhyia(chemical free),,12,3.436608313191658
Moringa ( chemical free ),,18,17.737428096228914
Moringa leaves - dried ( organic ),,16,4.638592863993529
Moringa powder (organic ),,17,13.699934089190569
Moroccan mud facial scrub (for younger skin),,3,44.22495703074083
Mosquito Repelant Oil / 200ml,,36,3.098742495292073
Mouth wash with tea tree oil / 354ml,,33,4.997971594092743
Mu 16 tea (macrobaiotic) / 48g,,30,2.3373891996774976
Muesli with branberry and strawberries ( organic ),,18,37.14270082965747
"Muesli with fruits, nuts and seeds ( organic )",,17,11.310276102497575
Muesli with goji berries and cranberries ( gluten free ),,17,8.980858784737933
"Muesli with mixed berries, oat flakes, and seeds (organic)",,6,114.2668580522786
"Muesli with quinoa, amaranth, apple, seeds and nuts ( gluten free )",,17,23.351606260628287
Muesli with seeds and nuts - made from scottish oats ( gluten free ),,17,9.146377830939233
Mulberry jam (natural),,4,0.0
Multigrain bread,,2,134.5207879911715
Multigrain bunns (4 small bunns),,11,38.63885115170087
Mung beans,,5,0.0
Murcott mandarines,,17,0.0
Mushroom,,34,19.681805342807102
Mushrooms ( brown ),,13,7.836758691255419
Mushrooms / 250g,,38,6.338501949913322
Mustard leaves,,33,4.721487225586474
Mustard leaves / 250g,,38,3.7155044446191887
NGS Happy life box,,35,1.968102019584883
NGS mini happy life box,,33,6.737772394944286
Nando's garlic sauce,,18,0.0
Natural deodorant (stick),,5,8.924936491294378
Natural deodorant powder,,15,0.0
Natural hot chocolate with bannana and maca ( organic ),,17,17.058702360891797
Natural no fat granola / 340g,,33,5.773143765674349
Nectarine,,15,19.141150464140424
Nectarine jam (natural),,4,0.0
Neem Leaf Powder (organic),,3,0.0
New Cairo,,18,11.489874514714305
Norwegian Smoked Salmon 100g,,20,7.177346253629313
Norwegian Smoked Salmon 200g,,33,6.1880114630217475
Nutmeg,,18,12.995110121718433
Nutrition bar with almond butter -PROten,,4,48.01656089845705
Nutrition bar with blueberries and coconut-PROten,,4,36.5432800022016
"Nutrition bar with chlorella, quinoa, and lin seeds- PROten",,4,29.064331286766752
Nutrition bar with cocoa and coffee -PROten,,4,44.2797975971041
Nutrition bar with fig and cinnamon-PROten,,4,32.296675895653216
Nutrition bar with goji berries-PROten,,4,34.00124373903986
Nutritional Yeast (gluten free),,5,16.349494630359796
Oak leaf lettuce,,17,5.685185886174193
Oak leaf lettuce (chemical free),,1,
Oat  (classic),,18,3.9259226031843397
Oat (Apples & Cinnamon),,18,0.0
Oat (Maple &brown sugar),,18,0.0
Oat bran,,4,44.1539697455938
Oat meal soap,,5,0.0
Oat milk ( Original ),,14,23.859896844555408
Oat milk ( organic ),,17,6.789967670463981
Oat milk ( organic ) / 946ml,,33,7.065533021745285
Oats with apple and cinnamon ( organic ),,18,23.070785048286858
Oats with maca and cocoa (organic) ? super food,,5,28.703749162163493
Oats with spirulina and barley grass (organic) ? super food,,5,26.142252462876804
Occra / 500g,,37,3.8178167666788942
Oily Hair Shampoo(0%chemical),,11,3.754823579391897
Okra ( Chemical free ),,13,11.594007568709586
Old Country Style Muesli / 510g,,38,6.757773192113659
Old Fashioned Rolled Oats / 907g,,38,1.0727263318404345
Old country style muesli / 510g,,34,12.231013225597277
Olive oil (extra virgin),,9,29.15496650148839
Olive oil (thyme infused),,5,37.97296614612149
Olive oil with herbs (extra virgin),,5,24.57309396155174
Olive salad,,1,0.0
Onions (Awerma),,33,5.687991741372489
Orange Blossom Breeze(Facial Mist),,10,0.0
Orange cake (Gluten free) - traces of gluten,,2,73.20508075688772
Oranges,,34,15.895853130507431
Oregano (chemical free),,1,
Oreo - chocolate vanilla (gluten free),,6,0.0
Organic Brown Rice Pasta - Elbow,,38,4.828087970997763
Organic Brown Rice Pasta - Penne / 250g,,35,0.9659850528855207
Organic Brown Rice Pasta - Rotini / 238g,,38,1.8408093274101978
Organic Brown Rice Pasta - Spaghetti,,38,3.7155044446191887
Organic Buckwheat / 454g,,38,2.516569467181329
Organic Foul Akhdar,,19,1.6901971644401659
Organic Fresh Marjoram,,18,0.0
Organic Fresh Thyme,,19,5.952606473827515
Organic Kamut flakes,,36,2.5779201456064937
Organic Kamut flakes (toasted) / 454g,,33,4.997971594092743
Organic Kamut pasta - vegetable spirals,,36,0.0
Organic Millet,,38,6.246783089404118
Organic Potato,,19,2.3425496647592414
Organic Quinoa / 454g,,38,6.655650259837564
Organic Quinoa flour (gluten free),,6,67.13833914597906
Organic Spelt flakes,,36,0.802318328887508
Organic barley malt syrup / 566g,,31,2.9998932202420114
Organic brown rice elbow pasta / 340g,,34,12.568255012938302
Organic brown rice elbow pasta 340g,,3,76.35468283359688
Organic brown rice flakes (toasted) / 454g,,33,4.543645303669952
Organic brown rice syrup / 473g,,29,3.860989784262281
Organic brown rice vinegar / 269ml,,25,2.8113826656066543
Organic coconut oil,,10,2.15871118756521
Organic colored pepper,,18,3.9259226031843397
Organic crackers,,5,0.0
Organic fresh coriander,,18,5.600245918624047
Organic fresh dill,,19,5.952606473827515
Organic fresh spearmint,,19,12.259548185977565
Organic garlic gomasio / 100g,,30,3.7299197302950615
Organic kukicha twig tea (loose) / 49g,,30,2.3373891996774976
Organic merlot,,19,2.1569600815111167
Organic mugi miso (soybean&barley) / 345g,,29,3.860989784262281
Organic raspberry leaf powder,,24,2.9302236643492074
Organic red pepper,,19,12.259548185977565
Organic red quinoa / 454g,,33,6.50320428147213
Organic soy flour / 453g,,31,4.592748100255517
Organic soy sauce / 269ml,,33,2.6008152618569813
Organic spaghetti sauce / 700g,,33,5.579679890834166
Organic spelt flakes (toasted) / 454g,,33,3.5875532491127737
Organic turmeric powder Jar,,30,2.3373891996774976
Organic white quinoa,,10,2.3340150374206337
Original crackers,,6,21.471349415231302
Osool begawi chicken ( frozen ),,17,18.771309828622982
Ox tail (3akawy),,29,3.860989784262281
Pak choi,,17,20.509218661387774
Pak choi (chemical free),,5,13.855768564312898
Panadora Hair spray,,9,0.0
Pancake Mix ( Gluten Free ) 623g,,5,0.0
Papaya,,17,3.51803742497514
Paprika,,19,10.83868339238614
Parsely(chemical free),,12,9.587269113524432
Parsley,,31,8.441656787179653
Parsley ( Chemical free ),,13,0.5716892657780415
Parsley (chemical free),,5,10.08338385818739
Peach / 1 kg,,38,0.0
Peanut butter (home-made),,16,28.011860322863647
Peanut butter (natural),,2,59.582789381144316
Peanuts in shell (chemical free),,15,2.739965906371644
Pear,,36,6.605049898479232
Pears ( American ) - imported,,17,17.268626561526325
Pears (American) - imported,,6,64.98293297731557
Penne ( gluten free ) - Italian,,22,13.995029708774819
Penne (gluten free ) - dr schar,,21,18.04228512354551
Pepper mint / 250g,,38,4.037474931290275
Peppermint,,33,8.429394151660375
Pickled ginger Sushi,,19,0.0
Pigeon,,34,7.475033193050962
Pimento (All Spice),,13,11.253147609648684
Pineapple,,33,14.306838144256929
Pineapple powder,,27,4.152849823143501
Pink Grapefruit / 1 kg,,38,0.0
Pink grape fruit,,34,13.560640348314102
Pink grapfruit,,5,8.7892885777757
Pinkgrapfruits,,11,10.805388995048592
Pizza Crust Wholegrain Mix (Gluten Free),,5,39.325901136561
Pizza crust,,6,0.0
Plain safaga red sea salt,,15,0.0
Pollen Grains,,12,17.60474285795146
Pomegranate,,34,7.781147702836133
Pomegranate & grapefruit jam,,16,4.4273782427413755
Pomegranate Fruit,,12,12.03137017173248
Pomegranate juice,,20,9.838139175840755
Potato wedges (frozen),,1,0.0
Potatoes,,34,14.647620311231435
Potatoes ( chemical free ),,19,27.80231564939395
Potatoes (chemical free),,5,54.257718750195025
Potatoes nicola / 1 kg,,38,4.445787857832539
Potatoes( chemical free),,12,26.269942691931192
Premium Brown Rice,,37,2.720820588184658
Premium Brown Sugar,,38,4.313921517916031
Premium Flax Seeds / 250g,,38,5.338984211286446
Premium French Sea Salt / 367g,,38,4.326334198532411
Premium Green Tea / 300g,,38,3.7155044446191887
Premium Norwegian Salmon Steak,,38,5.161385159540988
Premium Norwegian Smoked Salmon,,38,6.246783089404118
Premium Portuguese Sea Salt / 453g,,38,6.246783089404118
Premium Raw Wheat Germ / 200g,,38,2.933282505624746
Premium Smoked Salmon fillet (Sushi),,35,1.611753092731627
Premium Whey Protein / 450g,,38,3.8811026436411655
Premium large leaf Hibiscus / 250g,,36,3.098742495292073
Probiotics,,30,5.511306353622758
Protein bar with chocolate,,2,100.0
Protein bar with strawberry cheese cake,,1,0.0
Prune Juice (natural laxative) 946ML,,5,36.08221078587388
Prune Juice Naturally,,11,13.431252219546263
Psyllium husk,,19,24.082843999487924
Psyllium seeds,,5,10.756634324829006
Psyllium seeds / 300g,,38,8.669242950134958
Puk choi,,33,12.453562584929623
Pumpkin,,33,6.443938192923149
Pumpkin (European),,5,34.080129120845726
Pumpkin Seeds,,5,0.0
Pumpkin Seeds / 100g,,38,16.374454217663548
Pumpkin jam (natural),,3,25.99210498948732
Pumpkin jam with caramel (natural),,5,14.869835499703509
Pumpkin seeds (hulled) - organic,,5,0.8548252303932413
Pure coconut milk,,14,19.42200949688373
Pure oats ( gluten free ),,17,15.56897485275741
Purple Asparagus,,36,2.3815210337001957
Purple broccoli,,33,3.38516372166493
Purple kale ( aquaponic ),,17,0.0
Purple superberry juice,,19,17.28053784302377
Quinoa ( white ) - organic / 454g,,34,19.271168566325937
Quinoa ( white ) - organic 454g,,5,48.0578244802031
Quinoa (Chemical free) - Egyptian,,12,21.987988240201915
Quinoa (Chemical free) - Local,,6,77.74557834433962
Quinoa (white) - organic,,16,17.309958675244342
Quinoa - red (Peru),,6,32.67688668991322
Quinoa - white (Bolivia),,5,0.0
Quinoa - white (Peru),,5,22.960076867073465
Quinoa bread (gluten free),,1,0.0
Quinoa fusilli (gluten free),,2,14.017542509913806
Quinoa pasta (penne) - gluten free,,5,25.82038635886965
Quinoa penne (gluten free),,1,0.0
Quinoa soup with lentil,,5,20.11244339814313
Quinoa soup with vegetables (glten free),,5,14.869835499703509
Quinoa spaghetti (gluten free),,2,32.287565553229534
Radicchio,,18,3.9259226031843397
Radish,,17,14.36876098934694
Raisins (chemical free),,16,17.975280448283982
Raisins jam (natural),,5,5.922384104881218
Raspberries,,23,6.856727581927302
Raspberries ( frozen ),,19,24.694210382885796
Raw Cashew nut / 250g,,38,6.246783089404118
Raw Pecan / 250g,,38,6.383286439068092
Raw Peruvian cacao ( organic ),,18,19.581317450040192
Raw Pistachio / 250g,,38,4.828087970997763
Raw Pumpkin Seeds (hulled) - organic,,1,0.0
Raw Sunflower Seed Shelled / 566g,,38,6.757773192113659
Raw Walnut - Shelled / 250g,,38,6.1520377062270315
Raw Wheat Germ (Kheir Misr) / 200g,,34,5.967926525581868
Raw almonds (shelled) 250g,,5,22.61583450102038
Raw almonds - shelled / 250g,,34,15.359721984164354
Raw almonds shelled / 250g,,38,5.693366956016677
Raw cashew 250g,,6,94.11494073605414
Raw cashew nut / 250g,,34,15.15714638943939
Raw honey,,20,15.006307454149281
Raw honey (natural),,3,161.5397290558303
Raw honey (organic),,4,79.38135073864849
Raw macadamia nuts,,2,100.0
Raw milled linseeds (flax seed meal ) - organic,,18,30.209653140244907
Raw pecan / 250g,,34,13.971920914265379
Raw pecan 250g,,5,39.74794870703848
Raw pistachio / 250g,,33,13.532675271583816
Raw pistachio 250g,,5,11.739172297280852
Raw sunflower seed ( shelled ) / 566g,,33,12.992409780629766
Raw sunflower seed ( shelled ) 566g,,6,68.81547896743439
Raw walnut (shelled) 250g,,6,75.45610231343387
Raw walnut - shelled / 250g,,34,14.186644770096857
Red Cabbage (chemical free),,5,2.1295687600135116
Red Cabbage(chemical free),,12,7.316063087694524
Red Curly Batavia / 500g,,38,6.103465429447086
Red Curly Frisee / 500g,,38,1.0727263318404345
Red Curly frisee,,28,4.194491814186385
Red Radish (chemical free),,5,0.6803348678863008
Red Radish(chemical free),,12,20.810976660154523
Red Romaine / 500g,,38,4.1370909570770165
Red Sucrine lettuce,,29,6.37285234985161
Red Superberry juice,,19,16.704708230299413
Red Swiss Chard (chemical free),,5,0.0
Red Swiss Chard(chemical free),,12,8.935402864149511
Red apples ( American ),,17,8.471415183569441
Red apples (American),,5,5.634047145907006
Red asparagus,,19,13.744907889299917
Red asparagus (chemical free),,5,52.94980759586863
Red baby carrots,,33,0.5349304127709953
Red bag clip,,33,3.206248048065996
Red cabbage,,31,9.495917161591061
Red cabbage (chemical free),,4,0.0
Red carrot jam (natural),,4,10.66819197003217
Red chili pepper,,25,5.138728795335434
Red chili pepper ( chemical free ),,18,9.353242956045982
Red chilli pepper ( chemical free ),,14,5.075663865321944
Red chilli pepper (chemical free),,2,0.0
Red curly batavia (chemical free),,1,
Red endive,,33,6.951096234554344
Red endive (chemical free),,5,7.816627521627906
Red grapes,,29,5.760959180390479
Red grapes ( chemical free ),,16,2.7999362624229196
Red grapes ( imported ),,17,14.399832987548745
Red grapes (imported),,6,51.30857494229015
Red grapes (local),,5,40.62823883876352
Red grapes - seedless(chemical free),,15,17.491177848121396
Red grapes - seedless(organic),,4,20.036256278113495
Red iceberg,,29,9.247583589342078
Red iceberg lettuce,,18,9.105522991487526
Red iceberg lettuce (chemical free),,5,0.0
Red onion,,4,49.47848903062313
Red onion ( chemical free ),,19,20.861638659271286
Red onion (Chemical free),,5,0.0
Red onions,,33,9.398517104154358
Red onions ( Chemical free ),,13,1.1928326359882835
Red pears (american) - imported,,5,0.0
Red plum ( chemical free ),,17,9.929912581037946
Red plums,,33,14.805867790718818
Red plums ( imported ),,17,13.605220075597192
Red plums (imported),,6,57.80032112476101
Red plums (local),,5,29.335831501345865
Red quinoa,,13,10.060758782824863
Red romaine,,29,9.427796594715886
Red romaine (chemical free),,5,12.474611314209483
Red watermelon (seedless),,2,59.3255013631383
Rib eye steak ( Chemical free ) - frozen,,14,21.67719199125493
Rice Bran (gluten free),,5,20.11244339814313
Rice and almond milk ( organic ),,21,0.8719776580766725
Rice chips ( Santa fe barbecue ),,12,30.99271570183999
Rice chips ( Sea salt ),,13,28.463513860601132
Rice milk (original),,10,21.48140440390669
Rice milk extra calcium ( organic ),,21,0.8719776580766725
Rice milk with cacao ( organic ),,21,4.794295130502602
Rocket ( aquaponic ),,17,0.0
Roland wild rice,,15,17.334622119340516
Rolled Oats (gluten free),,3,39.63864322564024
Romaine lettuce ( aquaponic ),,18,6.293507041105428
Romanesco broccoli,,33,0.0
Roquette,,18,30.117557306869493
Roquette (chemical free),,5,36.04101973540219
Rosamarry(chemical free),,11,3.754823579391897
Rose water,,15,4.729412282062673
Rosemary,,33,12.628546816177643
Rosemary(chemical free),,12,14.352983608292025
Rosemery (chemical free),,5,35.09600385206135
Rotini ( gluten free ) - Italian,,21,17.300038276354933
Royal Goat Milk Facial Soap,,11,6.504108943996267
Ruby chard ( colored beets ),,16,0.0
Ruby chard (chemical free) - colored beets,,2,0.0
Ruby chard (silver beet ) - ( aquaponic ),,17,0.0
Rucola,,34,11.871961265838316
Rustica garlic & parsley,,19,0.0
Rustica olives oil & salt,,19,0.0
Rustica tomato & oregano,,19,0.0
Rye bread (loaf),,10,23.863084998110363
Rye flour light,,2,47.19601443879744
Rye mix bread,,2,15.470053837925146
Safaga red sea salt with lavender,,11,0.0
Sage,,32,13.96253743790863
Sage ( aquaponic ),,17,0.0
Sage (chemical free),,5,22.214001604113843
Salad Seasoning,,16,19.433639250565538
Salad flowers,,33,10.320009091747906
Salad flowers (chemical free),,5,0.0
Salmon steak,,18,16.39874366743632
Salmon steak ( frozen ),,17,21.661540584370286
Salmon steak (frozen),,5,28.174518963618066
Salt & Vinegar,,16,16.105916360053783
Salted biscuits ( gluten free ) - dr schar,,20,10.675055439429592
Sandwich box,,13,11.253147609648684
Saris lettuce (chemical free),,11,0.0
Sausage (Sogo2) / 1kg,,36,3.9259226031843397
Scandinavian twisted baguette (tordu),,10,31.481524079203503
Sea Salt grinder,,18,14.133314825506638
Sea salt ( potugese ) - fine grind / 453g,,33,11.34438718984243
Sea salt ( potugese ) - fine grind 453g,,5,27.327252211375217
Sea salt ( potugese ) - fine grind 453g / 453g,,6,0.0
Sea salt (french - celtic) - fine grind,,2,41.42135623730952
Sea salt / 907g,,33,8.325612318854713
Seed sprouts (chemical free),,5,26.860365757837922
Seeds sprouts,,18,12.192536700081803
Selamlique Turkish coffe Mastic,,18,0.0
Selamlique Turkish coffe cardamon,,20,3.5264923841377582
Sesame Seeds (Organic) - Egyptian,,1,0.0
Shampo with tea tree oil / 473ml,,33,6.4198877841060265
Shampoo (natural),,11,0.0
Shampoo (normal hair),,5,24.57309396155174
Shampoo with tea tree oil,,2,22.474487139158896
Shamsy bread (whole grain),,16,18.337167501123886
Shea butter,,16,9.05077326652577
Shea butter balm (for hair),,4,10.66819197003217
Shea butter soap,,12,9.587269113524432
Sheep milk cheese,,14,27.191180994906382
Shine/Split end hair serum,,11,0.0
Short Grain Brown Rice,,38,5.536497373736915
Short black aubergine,,33,10.749773254492002
Short grain brown rice ( eco farmed ) - organic / 907g,,34,11.930260257610215
Short grain brown rice ( organic ) - eco farmed,,5,33.469539210670376
Short white aubergine,,31,9.597115820218406
Shoyu soy sauce (organic),,5,33.56042305195701
Silver beet,,33,5.026162396649103
Silver beet / 250g,,38,0.0
Sixth of October,,33,12.00679464975094
Sixth of October - Fifth settlement delivery fee,,37,7.6889461562747785
Sixth of October above 300 L.E,,15,29.444245710919237
Skinny oats with berries and green tea extract ( for weight loss ),,17,30.642489244385374
Smelling Fresh Deodrant,,11,28.666489800943175
Smoked Herrin,,25,0.0
Smoked Salamon,,25,0.0
Smoked salmon ( frozen ),,16,15.233776874318483
Smoked salmon (frozen),,11,27.303227366731765
Snack box ( mini ),,13,0.0
Snack tubes ( double ),,13,0.0
Sorel,,17,0.0
"Sorghum flour (white, sweet)",,4,0.0
Soy Lecithin / 453g,,35,0.0
Soy lecitihin granules,,3,44.22495703074083
Soy lecitihin granules / 453g,,32,7.665929409216821
Soy milk,,18,1.6110738047837136
Soy milk ( Banana ),,13,0.0
Soy milk ( light ),,13,6.62806844479118
Soy milk (organic) - unsweetened,,15,4.4559324910976805
Soy milk (vanilla),,14,5.075663865321944
Soy protein powder / 369g,,33,4.997971594092743
Soy sauce ( kikkoman ),,19,5.952606473827515
Soya chocolate flavour ( organic ),,17,12.3415120129573
Soya milk ( Original ),,11,0.0
Soya milk ( With banana ),,10,0.0
Soya milk ( organic ),,17,11.217250947462066
Soya milk ( special for a perfect cappuccino),,17,15.065155750825653
Soya milk with red fruits,,17,4.161601065058385
Soya milk with red fruits 250ml,,12,15.64594073755552
Soya milk with vanilla,,11,7.325964555966014
Spaghetti ( gluten free ) - Italian,,21,10.408951367381224
Spaghetti ( gluten free ) - dr schar,,21,15.4038159927679
Spanish extra virgin olive oil,,35,0.0
Spanish extra virgin olive oil ( organic ) / 473g,,33,8.264249669613722
Spanish extra virgin olive oil ( organic ) 473g,,5,20.933909645000547
Spearmint ( chemical free ),,13,0.0
Spearmint (chemical free),,1,
Spelt & Rye crackers (cumin),,10,23.11444133449163
Spelt & Rye crackers (mixed seeds),,10,24.13363750287345
Spelt & Rye crackers (sunflower seeds),,5,42.37415948732581
Spelt bread,,2,22.474487139158896
Spelt bread (loaf),,11,36.34309393089041
Spelt flour,,6,65.4343325129102
Spicy peach jam,,35,4.0403283221836395
Spinach,,34,13.796465035851124
Spinach ( chemical free ),,19,8.644918869568329
Spinach(chemical free),,12,10.66819197003217
Spinash / 500g,,36,5.554060733297872
Spirulina powder (organic),,6,71.36331522544145
Spirulina tablets,,33,4.290378144639551
Split end - hair serum,,14,0.0
Spring onion ( chemical free ),,19,28.684320616357482
Spring onion (Chemical free),,6,70.42279386226045
Sprouts,,18,20.431447912165
Sprouts (chemical free),,5,6.192597780913367
St.john's wort powder,,32,10.391193875808668
Stainless steel bottle,,13,0.0
Stawberry jam (natural),,5,28.473515712343932
Steel cut oats,,5,14.869835499703509
Stem ginger Oat Biscuits,,17,0.0
Stevia,,13,26.97865897754943
Stevia / 35g,,33,1.2362614549220163
Strawberries,,34,8.194746056574576
Strawberry,,10,18.58677786278009
Sucanat / 454g,,32,5.75897342418854
Sucrine,,33,0.0
Sucrine Lettuce / 500g,,38,0.7599310154630556
Sucrine lettuce,,17,20.02981275845317
Sucrine lettuce (chemical free),,4,0.0
Sugar and jojoba body scrub,,14,0.0
Summer mix ( frozen ),,19,3.7155044446191887
Sun dried tomatoes with herbs (natural),,4,18.920711500272102
Sun screen with wheatgerm and coconut oil,,5,5.922384104881218
Swede (2ol2as),,33,5.627567918164811
Sweet Basil (chemical free),,5,0.0
Sweet Basil(chemical free),,12,11.004095833156224
Sweet almond oil,,16,5.893974898014798
Sweet almond oil and rose oil,,15,4.729412282062673
Sweet onions,,17,21.6541540253554
Sweet oranges,,17,24.740870187847584
Sweet peach,,15,11.806378838383091
Sweet pineapples,,17,16.840321823286253
Sweet potato,,36,2.8785727370508996
Sweet potato ( chemical free ),,19,3.7155044446191887
Sweet potatoes,,34,13.778962963594466
Sweet potatoes ( chemical free ),,16,20.831380905579145
Sweet potatoes (Chemical free),,5,89.59776646397317
Sweet red oranges(for juicing),,5,0.0
Swiss Chard(chemical free),,12,8.629299841346349
Tamari soy sauce (organic),,5,26.0258420782854
Tamarind paste,,17,4.2238247764687875
Taosted sesamme brown rice cakes / 255g,,33,8.325612318854713
Tarragon,,18,12.842125918488811
Tarragon (chemical free),,4,23.20746113099006
Tea Tree Therapy Antiseptic Cream,,38,4.828087970997763
Tea Tree Therapy Liquid Soap / 226g,,38,6.757773192113659
Tea Tree Therapy Shampoo,,36,2.2781461820273075
Tea tree oil,,3,91.29311827723889
Tea tree oil / 30ml,,33,0.0
Tea tree oil chest rub,,2,0.0
Tekka (miso condiment) / 80g,,28,2.5064211965874605
Textured Soy Protein,,5,30.59468698630159
The Miraculous Soap / 175g,,38,5.049129214829984
The best Organic Soy Milk / 946ml,,38,5.624709124406291
Thyme,,32,7.766348240998555
Thyme ( chemical free ),,16,10.582301703023521
Thyme (chemical free),,5,24.39959315711018
Thyme / 100g,,37,4.148829228781081
Toast ( gluten free ),,20,25.383901424272114
Toast bread flour ( Gluten free ),,12,11.004095833156224
Tofu,,19,12.243772523428586
Tofu (organic),,3,128.94284851066638
Tofu / 250g,,38,3.428336445803981
Tomato & sauce (Frozen),,3,192.4017738212866
Tomato ( chemical free ),,19,23.331809202565566
Tomato (chemical free),,11,23.83319898412315
Tomato - Chemical free / 500g,,36,0.0
Tomatoes,,34,13.609644466358727
Tomatoes / 500g,,38,4.745766915138838
Tomatoes on roots ( chemical free ),,19,19.23859078419319
Tooth paste with tea tree oil,,3,91.29311827723889
Top side steak (chemical free) - frozen,,16,23.02836552321663
Tortillas (whole grain),,14,13.653347600972431
Traditional crackers,,4,-100.0
Transparent glycerin soap,,15,4.729412282062673
Tritan bottle ( with freeze stick inside ),,14,3.06648307580466
Tufo,,22,0.0
Tulsi Green tea (organic),,5,-12.944943670387588
Tulsi masala chia (organic),,2,0.0
Tulsi original (organic),,5,0.0
Turbinado sugar / 881g,,31,7.941470362758274
Turbinado sugar 881g,,5,28.473515712343932
Turkey,,33,6.504108943996267
Turkey (female),,33,7.954238272846337
Turkey (frozen),,3,0.0
Turkey meat balls (Frozen),,2,41.42135623730952
Turmeric powder,,28,0.0
Ume plum vineger / 269ml,,32,5.1581198495976865
Unsweetened almond milk,,13,24.96266006383503
Unsweetened coconut flakes / 340g,,33,0.0
Unsweetened soy milk ( Organic ) / 946ml,,34,14.914661893037472
Unsweetened soy milk ( Organic ) 946ml,,6,91.93831036664844
Unsweetened soy milk ( Original ),,13,30.50624499939152
V-SOY MILK BOTTLE,,18,0.0
Vanilla cake mix ( Gluten Free),,5,48.61669577303998
Vanilla cake mix ( gluten free ) / 539g,,33,6.887496504147017
Vanilla cookies (gluten free),,6,15.167373966420318
Vanilla cream biscuits (gluten free),,6,6.991319393366302
Veal Escalope (Biftek) / 1kg,,37,9.794530874239404
Veal Liver,,25,1.6350839811869022
Veal Liver / 1kg,,38,9.966010313296314
Veal Picatta (chemical free) - frozen,,5,51.29007923311264
Veal Ribs (Beit Kalawy) / 1kg,,38,8.408708351327721
Veal Ribs / 1kg,,37,0.0
Veal Shanks (Mowaz) / 1kg,,37,8.828465915216931
Veal Steak,,25,0.0
Veal bbq cuttlets (kabab),,33,5.301663747488461
Veal cutlets (Kabbab 7ala) / 1kg,,38,11.419740075918572
Veal cutlets (chemical free) - frozen,,5,35.82444309478539
Veal cutlets (chemical free) frozen,,9,0.0
Veal escalope (chemical free) - frozen,,5,22.19518903035207
Veal escalope (chemical free) frozen,,9,0.0
Veal kidney,,33,1.2362614549220163
Veal liver (chemical free) - frozen,,5,35.46719665332776
Veal liver (chemical free) frozen,,9,0.0
Veal mince (chemical free) - frozen,,4,63.753055807480386
Vegetable samosa (frozen),,2,73.20508075688772
Vegetable soup mix / 793g,,31,5.950168866372962
Vegetable spring rolls (frozen),,1,0.0
Veggie ta3mia (frozen),,2,123.60679774997898
Vine leave ( chemical free ),,18,1.6110738047837136
Wafer with chocolate ( Gluten free ),,12,5.946309435929531
Water Melon (red),,15,11.326357684480337
Water melon,,33,12.813640648698499
Water melon (chemical free),,4,24.46659545769567
Water melon (yellow),,15,12.994854646211863
Watercress,,33,6.522752756670647
Watercress ( aquaponic ),,18,3.809344426552097
Watercress (chemical free),,5,23.281065097307653
Watermelon Soap Scrub Bar,,12,5.946309435929531
Wheat Grass / 500g,,38,5.506476743839817
Wheat flour (sprouted) - natural,,4,0.0
Wheat germ,,3,25.99210498948732
Wheat germ / 453g,,32,5.75897342418854
Wheat germ miracle,,31,11.235056448942693
Whey Protein (Kheir Misr) / 450g,,34,0.0
Whey protein (pure),,5,21.235731804785797
Whey protein / 340g,,34,12.605881297847121
White Beans (Organic) - Egyptian,,1,0.0
White Hibiscus - Kheir Misr / 250g,,36,3.9259226031843397
White Peach / 500g,,38,0.0
White aubergine - arous (chemical free_,,5,0.0
White cabbage,,1,
White eggplant (organic),,4,13.213951831181635
White endive,,34,4.514267312326314
White endive (chemical free),,5,8.72383167803421
White grape juice ( organic ),,18,6.364678644264088
White grapes ( Chemical free ),,14,2.4324869001833394
White grapes ( chemical free ),,16,6.2460595801506535
White grapes (organic),,4,2.57800942627211
White onion,,4,26.632043791235805
White quinoa (organic),,5,0.0
White sauce (Frozen),,3,25.99210498948732
White tea fennel and peppermint,,11,6.504108943996267
White tea with peach,,14,13.749461484996917
White vinegar ( organic ),,15,4.729412282062673
Whole Chicken (chemical free),,12,9.318722334945328
Whole Chicken (chemical free) - frozen,,5,0.0
Whole Chicken / 1kg,,38,11.393016083441431
Whole chicken (frozen),,5,17.900526138458694
Whole dried shiitake mushroom / 25g,,33,4.290378144639551
Whole grain crackers with coriander,,5,19.13578981670916
Whole grain crackers with garlic,,5,5.922384104881218
Whole grain rice cakes (low fat)-lightly salted),,13,9.544129572903426
Whole grain rice cakes (organic) low fat - lightly salted,,15,9.682497969462588
Whole meal flour,,20,23.91188386509324
Whole rye bread (organic),,5,0.0
Wholesome pancake mix,,16,12.410553122717172
Wild & brown rice mix (gluten free),,3,58.74010519681994
Wild Rice / 227g,,36,3.9259226031843397
Wild arame sea weed (hand harvested) / 60g,,31,6.478329025884166
Wild habaq (chemical free),,3,25.99210498948732
Wild marjoram (chemical free),,3,44.22495703074083
Wild rice ( organic ) / 227g,,34,12.414067881576841
Wild rice ( organic ) 227g,,5,31.685827510493137
Wild rice / 226g,,33,2.3706635306619983
Wild rice cakes (organic) - gluten free,,5,11.842691472014465
Wild rosemary (chemical free),,4,56.508458007328734
Wild sage - salvia (chemical free),,4,31.60740129524924
Wild thyme (chemical free),,4,31.60740129524924
Wormwood Herb Powder,,26,0.0
Xanthan gum (gluten free),,2,18.32159566199232
Yaki nori sheets,,18,0.0
Yellow Grapefruit,,12,34.932252264324774
Yellow apples,,4,50.615854954428215
Yellow broccoli,,33,2.1226606315364105
Yellow capsicum ( chemical free ),,19,6.012265040237397
Yellow carrot ( chemical free ),,17,22.521489281554665
Yellow carrots,,33,14.907253484155891
Yellow cherry tomatoes,,34,8.764608199032864
Yellow onions ( Chemical free ),,13,1.4123543114045178
Yellow split peas / 822g,,33,3.8692295933750787
Yellow watermelon,,2,41.42135623730952
Ying/Yang Facial Acne Soap,,11,0.0
Zarda extra virgin olive oil,,18,0.0
Zucchini,,34,14.140320492090929
Zucchini ( Chemical free ),,13,0.0
Zucchini ( chemical free ),,19,33.061266458526894
Zucchini (chemical free),,11,30.534623522221338
Zucchini (organic),,4,43.89140526681739
Zucchini / 500g,,38,4.884984470533871
Zucchini flowers,,17,16.793667514165158
Zucchini flowers (chemical free),,5,63.205133846054906
Zucchini jam with pistachio & mastic (natural),,1,0.0
baby potatoes (chemical free),,5,4.809425014997348
carrot  (Organic),,24,0.0
chia seeds,,16,14.18980476355658
chives,,17,23.122162146240875
cocoa wafer cacao ( gluten free ),,18,12.776500356690267
colman's mustard,,18,0.0
cranberry juice,,12,23.511514938295576
cucumber,,34,14.437789013381042
iceberg lettuce,,32,0.0
lolla rossa,,34,14.98881975309403
lollo bionda,,33,8.065189338734392
mesclun (a mix of salad greens),,34,12.87258859135374
mushroom,,17,0.0
mustard leaves (chemical free),,5,0.0
organic lemon grass,,18,5.222297013984201
osso bucco,,34,9.798004775732716
pak choi (chemical free),,5,0.0
pancake mix ( gluten free ) / 623g,,33,11.927861280295659
peeied tiger shrimp medium,,19,3.7155044446191887
salmon Steak / Default,,25,8.04093205083971
silver beet (chemical free),,5,0.0
spirulina powder / 100g,,31,8.390386682150574
swede (2ol2as),,35,0.0
sweet potato (organic,,24,0.0
sweet potatoes(chemical free),,5,-2.2837756153975985
veal Picatta / 1kg,,37,9.577209730957769
